<?xml version="1.0" encoding="UTF-8"?>
<!-- Generated by eXe - http://exelearning.net -->
<manifest identifier="eXeADIDACTICA687d4f4f28d0f420eb1" xmlns="http://www.imsproject.org/xsd/imscp_rootv1p1p2" xmlns:adlcp="http://www.adlnet.org/xsd/adlcp_rootv1p2" xmlns:imsmd="http://www.imsglobal.org/xsd/imsmd_v1p2" xmlns:xsi="http://www.w3.org/2001/XMLSchema-instance" xsi:schemaLocation="http://www.imsproject.org/xsd/imscp_rootv1p1p2 imscp_rootv1p1p2.xsd http://www.imsglobal.org/xsd/imsmd_rootv1p2p1 imsmd_rootv1p2p1.xsd http://www.adlnet.org/xsd/adlcp_rootv1p2 adlcp_rootv1p2.xsd" > 
<metadata> 
 <schema>ADL SCORM</schema> 
 <schemaversion>1.2</schemaversion> 
 <adlcp:location>imslrm.xml</adlcp:location> 
</metadata> 
<organizations default="eXeADIDACTICA687d4f4f28d0f420eb2">  
    <organization identifier="eXeADIDACTICA687d4f4f28d0f420eb2" structure="hierarchical">
        <title>sitio comprensionlectora</title>
<item identifier="ITEM-eXeADIDACTICA687d4f4f28d0f420eb3" isvisible="true" identifierref="RES-eXeADIDACTICA687d4f4f28d0f420eb4">
    <title>Inicio</title>
<item identifier="ITEM-eXeADIDACTICA687d4f4f28d0f420eb5" isvisible="true" identifierref="RES-eXeADIDACTICA687d4f4f28d0f420eb6">
    <title>Identificación</title>
</item>
<item identifier="ITEM-eXeADIDACTICA687d4f4f28d0f420eb7" isvisible="true" identifierref="RES-eXeADIDACTICA687d4f4f28d0f420eb8">
    <title>SECUENCIA DIDÁCTICA: INICIO</title>
<item identifier="ITEM-eXeADIDACTICA687d4f4f28d0f420eb9" isvisible="true" identifierref="RES-eXeADIDACTICA687d4f4f28d0f420eba">
    <title>Nuestro Rincón de Saberes</title>
</item>
<item identifier="ITEM-eXeADIDACTICA687d4f4f28d0f420ecb" isvisible="true" identifierref="RES-eXeADIDACTICA687d4f4f28d0f420ecc">
    <title>¿Qué nos contará el texto?</title>
</item>
</item>
<item identifier="ITEM-eXeADIDACTICA687d4f4f28d0f420edd" isvisible="true" identifierref="RES-eXeADIDACTICA687d4f4f28d0f420ede">
    <title>SECUENCIA DIDACTICA: DESARROLLO</title>
<item identifier="ITEM-eXeADIDACTICA687d4f4f28d0f420edf" isvisible="true" identifierref="RES-eXeADIDACTICA687d4f4f28d0f420ed10">
    <title>¡A Leer y a Imaginar!</title>
</item>
<item identifier="ITEM-eXeADIDACTICA687d4f4f28d0f420ed11" isvisible="true" identifierref="RES-eXeADIDACTICA687d4f4f28d0f420ed12">
    <title>¿Qué decía el texto?</title>
</item>
<item identifier="ITEM-eXeADIDACTICA687d4f4f28d0f420f513" isvisible="true" identifierref="RES-eXeADIDACTICA687d4f4f28d0f420f514">
    <title>Mis imágenes y el texto:</title>
</item>
</item>
<item identifier="ITEM-eXeADIDACTICA687d4f4f28d0f420f515" isvisible="true" identifierref="RES-eXeADIDACTICA687d4f4f28d0f420f516">
    <title>SECUENCIA DIDÁCTICA. CIERRE</title>
<item identifier="ITEM-eXeADIDACTICA687d4f4f28d0f420f517" isvisible="true" identifierref="RES-eXeADIDACTICA687d4f4f28d0f420f518">
    <title>Mi Estrategia Favorita.</title>
</item>
<item identifier="ITEM-eXeADIDACTICA687d4f4f28d0f420f619" isvisible="true" identifierref="RES-eXeADIDACTICA687d4f4f28d0f420f61a">
    <title>Compartiendo la historia</title>
</item>
</item>
<item identifier="ITEM-eXeADIDACTICA687d4f4f28d0f420f61b" isvisible="true" identifierref="RES-eXeADIDACTICA687d4f4f28d0f420f61c">
    <title>Bibliografía</title>
</item>
</item>
  </organization>
</organizations>
<resources>
  <resource identifier="RES-eXeADIDACTICA687d4f4f28d0f420eb4" type="webcontent" adlcp:scormtype="sco" href="index.html"> 
    <file href="index.html"/> 
    <file href="exe_html5.js"/>
    <dependency identifierref="COMMON_FILES"/>
  </resource>
  <resource identifier="RES-eXeADIDACTICA687d4f4f28d0f420eb6" type="webcontent" adlcp:scormtype="sco" href="identificacin.html"> 
    <file href="identificacin.html"/> 
    <file href="exe_html5.js"/>
    <dependency identifierref="COMMON_FILES"/>
  </resource>
  <resource identifier="RES-eXeADIDACTICA687d4f4f28d0f420eb8" type="webcontent" adlcp:scormtype="sco" href="secuencia_didctica_inicio.html"> 
    <file href="secuencia_didctica_inicio.html"/> 
    <file href="exe_html5.js"/>
    <dependency identifierref="COMMON_FILES"/>
  </resource>
  <resource identifier="RES-eXeADIDACTICA687d4f4f28d0f420eba" type="webcontent" adlcp:scormtype="sco" href="nuestro_rincn_de_saberes.html"> 
    <file href="nuestro_rincn_de_saberes.html"/> 
    <file href="exe_html5.js"/>
    <file href="img2.png"/>
    <file href="beso-de-dos-aguas-encuentro.jpg"/>
    <file href="img2.1.png"/>
    <dependency identifierref="COMMON_FILES"/>
  </resource>
  <resource identifier="RES-eXeADIDACTICA687d4f4f28d0f420ecc" type="webcontent" adlcp:scormtype="sco" href="qu_nos_contar_el_texto.html"> 
    <file href="qu_nos_contar_el_texto.html"/> 
    <file href="exe_html5.js"/>
    <file href="2.jpg"/>
    <file href="TELARANA.jpeg"/>
    <file href="coghi.jpg"/>
    <file href="tejido.jpeg"/>
    <file href="_7B457F6E15-C419-4E5E-BF8B-FD13381F7762_7D.png"/>
    <file href="mochila.png"/>
    <file href="TECHO.jpeg"/>
    <file href="malkua.jpeg"/>
    <file href="cazador.jpeg"/>
    <file href="cwordfind.js"/>
    <file href="exequextaudio.png"/>
    <file href="exequextcursor.gif"/>
    <file href="exequextfirstr.png"/>
    <file href="exequextfull.png"/>
    <file href="exequexthits.png"/>
    <file href="exequextlastr.png"/>
    <file href="exequextlive.png"/>
    <file href="exequextlost.png"/>
    <file href="exequextmin.png"/>
    <file href="exequextmoveon.png"/>
    <file href="exequextnextr.png"/>
    <file href="exequextnormal.png"/>
    <file href="exequextnumber.png"/>
    <file href="exequextone.png"/>
    <file href="exequextpause.png"/>
    <file href="exequextplayvideo.png"/>
    <file href="exequextpreviousr.png"/>
    <file href="exequextreload.png"/>
    <file href="exequextreply.png"/>
    <file href="exequextrerrors.png"/>
    <file href="exequextroscomin.png"/>
    <file href="exequextscore.png"/>
    <file href="exequextsq.png"/>
    <file href="exequexttime.png"/>
    <file href="exequexttwo.png"/>
    <file href="exequextvideo.png"/>
    <file href="exequextwon.png"/>
    <file href="mapacerrarventana.svg"/>
    <file href="sopa-activity.css"/>
    <file href="sopa-activity.js"/>
    <file href="sopaHome.png"/>
    <file href="sopaIcon.svg"/>
    <file href="sopaaudio.svg"/>
    <file href="sopaimage.svg"/>
    <file href="exequextbuttonko.svg"/>
    <file href="exequextbuttonok.svg"/>
    <file href="exequextcopyright.png"/>
    <file href="exequextplayaudio.svg"/>
    <file href="relaciona-activity.css"/>
    <file href="relaciona-activity.js"/>
    <file href="relacionaHome.png"/>
    <file href="relacionaIcon.png"/>
    <dependency identifierref="COMMON_FILES"/>
  </resource>
  <resource identifier="RES-eXeADIDACTICA687d4f4f28d0f420ede" type="webcontent" adlcp:scormtype="sco" href="secuencia_didactica_desarrollo.html"> 
    <file href="secuencia_didactica_desarrollo.html"/> 
    <file href="exe_html5.js"/>
    <dependency identifierref="COMMON_FILES"/>
  </resource>
  <resource identifier="RES-eXeADIDACTICA687d4f4f28d0f420ed10" type="webcontent" adlcp:scormtype="sco" href="a_leer_y_a_imaginar.html"> 
    <file href="a_leer_y_a_imaginar.html"/> 
    <file href="exe_html5.js"/>
    <file href="img0.png"/>
    <dependency identifierref="COMMON_FILES"/>
  </resource>
  <resource identifier="RES-eXeADIDACTICA687d4f4f28d0f420ed12" type="webcontent" adlcp:scormtype="sco" href="qu_deca_el_texto.html"> 
    <file href="qu_deca_el_texto.html"/> 
    <file href="exe_html5.js"/>
    <file href="2.jpg"/>
    <file href="stock-stop.png"/>
    <file href="_7BDE5BB384-A750-4457-AB3D-2809FB9CDCFC_7D.png"/>
    <file href="panel-amusements.png"/>
    <file href="common.js"/>
    <dependency identifierref="COMMON_FILES"/>
  </resource>
  <resource identifier="RES-eXeADIDACTICA687d4f4f28d0f420f514" type="webcontent" adlcp:scormtype="sco" href="mis_imgenes_y_el_texto.html"> 
    <file href="mis_imgenes_y_el_texto.html"/> 
    <file href="exe_html5.js"/>
    <file href="_7B3F7D0B45-090F-4499-87C0-2DC0BD749E4A_7D.png"/>
    <dependency identifierref="COMMON_FILES"/>
  </resource>
  <resource identifier="RES-eXeADIDACTICA687d4f4f28d0f420f516" type="webcontent" adlcp:scormtype="sco" href="secuencia_didctica_cierre.html"> 
    <file href="secuencia_didctica_cierre.html"/> 
    <file href="exe_html5.js"/>
    <dependency identifierref="COMMON_FILES"/>
  </resource>
  <resource identifier="RES-eXeADIDACTICA687d4f4f28d0f420f518" type="webcontent" adlcp:scormtype="sco" href="mi_estrategia_favorita.html"> 
    <file href="mi_estrategia_favorita.html"/> 
    <file href="exe_html5.js"/>
    <file href="_7B6054F5E1-755B-4B6C-9988-A7CB3963A64A_7D.png"/>
    <dependency identifierref="COMMON_FILES"/>
  </resource>
  <resource identifier="RES-eXeADIDACTICA687d4f4f28d0f420f61a" type="webcontent" adlcp:scormtype="sco" href="compartiendo_la_historia.html"> 
    <file href="compartiendo_la_historia.html"/> 
    <file href="exe_html5.js"/>
    <file href="_7B067DEB88-44FD-41F1-9085-DF13F59716F0_7D.png"/>
    <dependency identifierref="COMMON_FILES"/>
  </resource>
  <resource identifier="RES-eXeADIDACTICA687d4f4f28d0f420f61c" type="webcontent" adlcp:scormtype="sco" href="bibliografa.html"> 
    <file href="bibliografa.html"/> 
    <file href="exe_html5.js"/>
    <dependency identifierref="COMMON_FILES"/>
  </resource>
  <resource identifier="COMMON_FILES" type="webcontent" adlcp:scormtype="asset">
    <file href="config.xml"/>
    <file href="content.css"/>
    <file href="EncodeSans-Light_latin-ext.woff2"/>
    <file href="EncodeSans-Light_latin.woff2"/>
    <file href="EncodeSans-Light_vietnamese.woff2"/>
    <file href="icon_atom.png"/>
    <file href="icon_award.png"/>
    <file href="icon_beach.png"/>
    <file href="icon_bulb.png"/>
    <file href="icon_camera.png"/>
    <file href="icon_classroom.png"/>
    <file href="icon_compass.png"/>
    <file href="icon_edia.png"/>
    <file href="icon_etwinning.png"/>
    <file href="icon_exe.png"/>
    <file href="icon_footprints.png"/>
    <file href="icon_free_license.png"/>
    <file href="icon_gears.png"/>
    <file href="icon_knowledge.png"/>
    <file href="icon_list.png"/>
    <file href="icon_microphone.png"/>
    <file href="icon_network.png"/>
    <file href="icon_plus.png"/>
    <file href="icon_presentation.png"/>
    <file href="icon_puzzle.png"/>
    <file href="icon_share.png"/>
    <file href="icon_stars.png"/>
    <file href="icon_talk.png"/>
    <file href="icon_teacher_screen.png"/>
    <file href="icon_telescope.png"/>
    <file href="icon_think.png"/>
    <file href="icon_tree.png"/>
    <file href="icon_write.png"/>
    <file href="nav.css"/>
    <file href="_intef_bg.png"/>
    <file href="_intef_footer.png"/>
    <file href="_intef_header.png"/>
    <file href="_intef_icons.png"/>
    <file href="_intef_js.js"/>
    <file href="_intef_left_column.gif"/>
    <file href="_intef_licenses.gif"/>
    <file href="_intef_menu.gif"/>
    <file href="_intef_print.png"/>
    <file href="_intef_title_bg.png"/>
    <file href="base.css"/>
    <file href="popup_bg.gif"/>
    <file href="exe_powered_logo.png"/>
    <file href="SCORM_API_wrapper.js"/>
    <file href="SCOFunctions.js"/>
    <file href="common.js"/>
    <file href="common_i18n.js"/>
    <file href="exe_jquery.js"/>
    <file href="content.xsd"/>
    <file href="content.data"/>
    <file href="contentv3.xml"/>
    <file href="imslrm.xml"/>
  </resource>
</resources>
</manifest>
